<?xml version="1.0" encoding="UTF-8" standalone="yes"?>
<deployment-task name="Interplex" comment="" version="0.0.1-SNAPSHOT" creation-time="2023-10-25T21:36:53+0800" creator-app="Compliance-Zip-Generator-Plugin" creator-host="CN2027081" creator-user="a.muthu">
    <unit type="com.seeburger.bicng.mappingset">
        <metadata key="Version">0.0.1-SNAPSHOT</metadata>
        <item type="jar">
            <metadata key="source-path">mappings/Interplex.jar</metadata>
        </item>
    </unit>
</deployment-task>
